SKU,Product,Category,Variant,Size,Price
SKU-101,Classic Cotton T-Shirt,Apparel,Black,M,799
SKU-102,Classic Cotton T-Shirt,Apparel,White,L,799
SKU-103,Running Shoes,Footwear,Black,9,2499
SKU-104,Running Shoes,Footwear,Blue,8,2499
SKU-105,Everyday Hoodie,Apparel,Grey,L,1599
SKU-106,Everyday Hoodie,Apparel,Navy,M,1599
SKU-107,Travel Backpack,Accessories,Black,28L,1899
SKU-108,Sports Cap,Accessories,Blue,Free,499
SKU-109,Slim Fit Jeans,Apparel,Blue,32,1799
SKU-110,Casual Sneakers,Footwear,White,9,2199
